{"Controlador.TDA.Listas.ListaEnlazada":{"header":{"info":{"@class":"modelo.Venta","id":1,"total_Boleto":16},"next":{"info":{"@class":"modelo.Venta","id":2,"fecha":"22-20-2023","total_Boleto":16,"num_Venta":"001","id_pasajero":1,"Monto_Total":16},"next":{"info":{"@class":"modelo.Venta","id":3,"total_Boleto":9},"next":{"info":{"@class":"modelo.Venta","id":4,"fecha":"12-02-2023","total_Boleto":9,"num_Venta":"002","id_pasajero":2,"Monto_Total":41},"next":{"info":{"@class":"modelo.Venta","id":5,"total_Boleto":10},"next":{"info":{"@class":"modelo.Venta","id":6,"fecha":"22-03-2023","total_Boleto":10,"num_Venta":"004","id_pasajero":3,"Monto_Total":60},"next":{"info":{"@class":"modelo.Venta","id":7,"total_Boleto":6.8999999999999995},"next":{"info":{"@class":"modelo.Venta","id":8,"fecha":"11-04-2023","total_Boleto":6.8999999999999995,"num_Venta":"001","id_pasajero":4,"Monto_Total":76.9},"next":{"info":{"@class":"modelo.Venta","id":9,"total_Boleto":4},"next":{"info":{"@class":"modelo.Venta","id":10,"fecha":"2-05-2023","total_Boleto":4,"num_Venta":"006","id_pasajero":5,"Monto_Total":87.80000000000001},"next":{"info":{"@class":"modelo.Venta","id":11,"total_Boleto":27},"next":{"info":{"@class":"modelo.Venta","id":12,"fecha":"4-04-2023","total_Boleto":27,"num_Venta":"007","id_pasajero":6,"Monto_Total":118.80000000000001},"next":{"info":{"@class":"modelo.Venta","id":13,"total_Boleto":3},"next":{"info":{"@class":"modelo.Venta","id":14,"fecha":"2-08-2023","total_Boleto":3,"num_Venta":"008","id_pasajero":7,"Monto_Total":148.8},"next":{"info":{"@class":"modelo.Venta","id":15,"total_Boleto":5},"next":{"info":{"@class":"modelo.Venta","id":16,"fecha":"5-06-2023","total_Boleto":5,"num_Venta":"003","id_pasajero":8,"Monto_Total":156.8},"next":{"info":{"@class":"modelo.Venta","id":17,"total_Boleto":12},"next":{"info":{"@class":"modelo.Venta","id":18,"fecha":"02-06-2023","total_Boleto":12,"num_Venta":"005","id_pasajero":9,"Monto_Total":173.8},"next":{"info":{"@class":"modelo.Venta","id":19,"total_Boleto":7},"next":{"info":{"@class":"modelo.Venta","id":20,"fecha":"12-12-2023","total_Boleto":7,"num_Venta":"009","id_pasajero":10,"Monto_Total":192.8},"next":{"info":{"@class":"modelo.Venta","id":21,"total_Boleto":30},"next":{"info":{"@class":"modelo.Venta","id":22,"fecha":"07-07-2023","total_Boleto":30,"num_Venta":"011","id_pasajero":11,"Monto_Total":229.8},"next":{"info":{"@class":"modelo.Venta","id":23,"total_Boleto":16},"next":{"info":{"@class":"modelo.Venta","id":24,"fecha":"01-01-2023","total_Boleto":16,"num_Venta":"017","id_pasajero":12,"Monto_Total":275.8},"next":{"info":{"@class":"modelo.Venta","id":25,"total_Boleto":12},"next":{"info":{"@class":"modelo.Venta","id":26,"fecha":"08-07-2023","total_Boleto":12,"num_Venta":"012","id_pasajero":13,"Monto_Total":303.8},"next":{"info":{"@class":"modelo.Venta","id":27,"total_Boleto":16},"next":{"info":{"@class":"modelo.Venta","id":28,"fecha":"01-09-2023","total_Boleto":16,"num_Venta":"023","id_pasajero":14,"Monto_Total":331.8},"next":{"info":{"@class":"modelo.Venta","id":29,"total_Boleto":3},"next":{"info":{"@class":"modelo.Venta","id":30,"fecha":"02-03-2023","total_Boleto":3,"num_Venta":"010","id_pasajero":15,"Monto_Total":350.8},"next":{"info":{"@class":"modelo.Venta","id":31,"total_Boleto":10},"next":{"info":{"@class":"modelo.Venta","id":32,"fecha":"14-08-2023","total_Boleto":10,"num_Venta":"006","id_pasajero":16,"Monto_Total":363.8},"next":{"info":{"@class":"modelo.Venta","id":33,"total_Boleto":5},"next":{"info":{"@class":"modelo.Venta","id":34,"fecha":"05-05-2023","total_Boleto":5,"num_Venta":"009","id_pasajero":17,"Monto_Total":378.8},"next":{"info":{"@class":"modelo.Venta","id":35,"total_Boleto":12},"next":{"info":{"@class":"modelo.Venta","id":36,"fecha":"09-09-2023","total_Boleto":12,"num_Venta":18,"id_pasajero":18,"Monto_Total":395.8},"next":{"info":{"@class":"modelo.Venta","id":37,"total_Boleto":4},"next":{"info":{"@class":"modelo.Venta","id":38,"fecha":"09-07-2023","total_Boleto":4,"num_Venta":"013","id_pasajero":19,"Monto_Total":411.8},"next":{"info":{"@class":"modelo.Venta","id":39,"total_Boleto":34},"next":{"info":{"@class":"modelo.Venta","id":40,"fecha":"02-12-2023","total_Boleto":34,"num_Venta":"021","id_pasajero":20,"Monto_Total":449.8},"next":{"info":{"@class":"modelo.Venta","id":41,"total_Boleto":25},"next":{"info":{"@class":"modelo.Venta","id":42,"total_Boleto":63},"next":{"info":{"@class":"modelo.Venta","id":43,"total_Boleto":35},"next":{"info":{"@class":"modelo.Venta","id":44,"total_Boleto":60},"next":{"info":{"@class":"modelo.Venta","id":45,"total_Boleto":5},"next":{"info":{"@class":"modelo.Venta","id":46,"total_Boleto":110},"next":{"info":{"@class":"modelo.Venta","id":47,"total_Boleto":35},"next":{"info":{"@class":"modelo.Venta","id":48,"total_Boleto":30},"next":{"info":{"@class":"modelo.Venta","id":49,"total_Boleto":20},"next":{"info":{"@class":"modelo.Venta","id":50,"total_Boleto":5},"next":{"info":{"@class":"modelo.Venta","id":51,"total_Boleto":15},"next":{"info":{"@class":"modelo.Venta","id":52,"total_Boleto":40},"next":{"info":{"@class":"modelo.Venta","id":53,"total_Boleto":35},"next":{"info":{"@class":"modelo.Venta","id":54,"total_Boleto":12},"next":{"info":{"@class":"modelo.Venta","id":55,"total_Boleto":5},"next":{"info":{"@class":"modelo.Venta","id":56,"total_Boleto":3},"next":{"info":{"@class":"modelo.Venta","id":57,"total_Boleto":12},"next":{"info":{"@class":"modelo.Venta","id":58,"total_Boleto":9},"next":{"info":{"@class":"modelo.Venta","id":59,"total_Boleto":24},"next":{"info":{"@class":"modelo.Venta","id":60,"total_Boleto":90},"next":{"info":{"@class":"modelo.Venta","id":61,"total_Boleto":44},"next":{"info":{"@class":"modelo.Venta","id":62,"total_Boleto":12},"next":{"info":{"@class":"modelo.Venta","id":63,"total_Boleto":17},"next":{"info":{"@class":"modelo.Venta","id":64,"total_Boleto":7},"next":{"info":{"@class":"modelo.Venta","id":65,"total_Boleto":12},"next":{"info":{"@class":"modelo.Venta","id":66,"total_Boleto":60},"next":{"info":{"@class":"modelo.Venta","id":67,"total_Boleto":4}}}}}}}}}}}}}}}}}}}}}}}}}}}}}}}}}}}}}}}}}}}}}}}}}}}}}}}}}}}}}}}}}}}},"last":{"@reference":"..\/header\/next\/next\/next\/next\/next\/next\/next\/next\/next\/next\/next\/next\/next\/next\/next\/next\/next\/next\/next\/next\/next\/next\/next\/next\/next\/next\/next\/next\/next\/next\/next\/next\/next\/next\/next\/next\/next\/next\/next\/next\/next\/next\/next\/next\/next\/next\/next\/next\/next\/next\/next\/next\/next\/next\/next\/next\/next\/next\/next\/next\/next\/next\/next\/next\/next\/next"},"length":67}}